MRN,RACE_DESC,ETHNICITY,SEX,BIRTH_DATE,MATCH_DATE,MATCH_FLAG,CONTACTED,IDENTIFIED,CONSENTED,ENROLLED,SCORE,CRITERIA_JSON,IDENTIFIED_AT,CONTACTED_AT
11111,Black,Not Hispanic,F,1960-01-15,2025-08-10,1,1,1,1,1,0.90,"{""inc"":[""EGFR+""],""exc"":[]}",2025-08-10T09:15:00Z,2025-08-10T10:00:00Z
22222,White,Not Hispanic,M,1970-03-02,2025-08-12,1,1,1,1,0,0.80,"{""inc"":[""ALK+""],""exc"":[]}",2025-08-12T08:40:00Z,2025-08-12T09:10:00Z
33333,White,Hispanic,F,1985-11-23,2025-08-05,1,0,1,0,0,0.70,"{""inc"":[""ROS1+""],""exc"":[]}",2025-08-05T13:20:00Z,
44444,Black,Not Hispanic,M,1955-06-30,2025-08-03,0,0,1,0,0,0.40,"{""inc"":[], ""exc"":[""GFR<60""]}",2025-08-03T15:00:00Z,
55555,Asian,Not Hispanic,F,1992-09-10,2025-08-04,1,1,1,0,0,0.60,"{""inc"":[""BRAF+""],""exc"":[]}",2025-08-04T11:05:00Z,2025-08-04T11:45:00Z
