source_site_id,source_trial_id,source_patient_key,age_years,race,sex,ethnicity,eligible,contacted,consented,enrolled,match_score,matched_criteria
S1,T1,P001,45,White,M,Not Hispanic or Latino,1,1,1,0,0.80,"inc:[EGFR+];exc:[]"
S1,T1,P002,51,Black or African American,F,Not Hispanic or Latino,1,1,1,1,0.90,"inc:[ALK+];exc:[]"
S1,T1,P003,62,Asian,F,Hispanic or Latino,1,1,0,0,0.70,"inc:[BRAF+];exc:[]"
S1,T1,P004,38,White,F,Unknown,0,0,0,0,0.40,"inc:[];exc:[ECOG>2]"
S2,T2,P101,70,Black or African American,M,Not Hispanic or Latino,1,0,0,0,0.65,"inc:[PD-L1>=50];exc:[]"
S2,T2,P102,29,Asian,M,Not Hispanic or Latino,1,1,0,0,0.55,"inc:[HER2+];exc:[]"
S2,T2,P103,57,White,F,Not Hispanic or Latino,1,1,1,1,0.95,"inc:[BRCA1];exc:[]"
S2,T2,P104,41,Unknown,M,Unknown,1,0,0,0,0.50,"inc:[];exc:[]"
S3,T3,P201,66,White,M,Not Hispanic or Latino,1,1,0,0,0.60,"inc:[KRAS G12C];exc:[]"
S3,T3,P202,54,Black or African American,F,Hispanic or Latino,0,0,0,0,0.30,"inc:[];exc:[lab ALT>3x]"
S3,T3,P203,47,Asian,F,Not Hispanic or Latino,1,1,1,0,0.85,"inc:[MSI-H];exc:[]"
S3,T3,P204,73,White,M,Not Hispanic or Latino,1,0,0,0,0.45,"inc:[];exc:[CrCl<30]"
